Job Title,Company,Location,Company Logo,Tags
Customer Support Advocate,brightwheel,US Only,https://remoteok.com/assets/img/jobs/7e5ea3c7b1d04c2ab92020676fe0fd501741892406.png,"teacher, technical, support, financial, education, investor"
Admin and Support Specialist,Interaction Design Foundation,,https://remoteOK.com/assets/img/jobs/b4b50af98685631786b1aacf150bc02b1741874008.png,"customer support, admin"
Customer Care Advisor,GoodLeap,Remote,https://remoteok.com/assets/img/jobs/28eaa065f9c8be04c8f0206ceaa951b71741809628.png,"supervisor, support, developer, software, management, sales, reliability, digital nomad"
Senior Full stack Developer,Lemon.io,,https://remoteOK.com/assets/img/jobs/c252eace1de8c8d9636c599e74cd14641741797769.png,"engineer, senior, dev, javascript, backend, front end, full stack, react, full time, python, node, english, postgres, typescript, aws, startup, next, remote"
Senior Systems Engineer,Nansen.ai,"London, England, United Kingdom",https://remoteok.com/assets/img/jobs/6d2ad80e5df0406143a6cd100138ac211741784404.png,"system, security, test, growth, code, cloud, management, senior, go, engineer, engineering, linux"
Engineering Manager Custody,BitGo,"San Francisco Bay Area, California, United States",https://remoteok.com/assets/img/jobs/265abcd65dafea86beb3924f80864b571741737635.png,"manager, crypto, cryptocurrency, cryptocurrencies, technical, support, software, financial, health, engineer, engineering, full-time"
UX UI Designer,1840 &amp; Company,"Mexico City, Mexico City",https://remoteok.com/assets/img/jobs/cbcfb9882e8c88d9365ee65eaf6e8d311741726808.png,"ui, ux, design, ios, designer, test, growth, web, css, html, mobile, leader, management, digital nomad"
spoke person,X365.ai,,https://remoteOK.com/assets/img/jobs/1f7fdd88681b279e6a8c2e7fcde3ae2d1741709245.png,"marketing, non tech, customer support, dev, sales, other"
Intake Pelvic Health Specialist Bloom,Sword Health,United States,https://remoteok.com/assets/img/jobs/952bfbe7ede059c23a5e13b9fa6c1d891741708827.png,"growth, financial, video, operational, legal, medical, health, full-time"
SDE I,Netomi,Gurugram,https://remoteok.com/assets/img/jobs/6a50a265845297506527bff2625331fd1741708815.png,"saas, react, front-end, technical, software, test, ui, code, web, devops, javascript, nodejs, api, senior, engineer, backend"
Sr Software Developer PHP MySQL,LendingWise,,https://remoteOK.com/assets/img/jobs/062ab912c02155a8987446826a538b401741706659.png,"dev, full stack, php, sql"
VP of Engineering,Soda Data,,https://remoteOK.com/assets/img/jobs/bc62f2ef64b9a34a537fafa1b18fed251741705700.png,"python, data, senior, engineer"
DeFi Analyst,Gauntlet,New York City / San Francisco / Los Angeles / Remote,https://remoteok.com/assets/img/jobs/291968f866c2688323a91711db99ce5b1741698042.png,"defi, analyst, crypto, security, writer, financial, finance, math, management, content, operational, marketing, non tech"
Member of Product Design Core Experience,Anchorage Digital,United States,https://remoteok.com/assets/img/jobs/a53715460f032bbc12e747867cb4ec421741698036.png,"design, ios, saas, crypto, security, technical, growth, web, financial, finance, bank, admin, strategy, lead, senior, operational, legal, engineering, digital nomad"
Sales Operations Manager,Anchorage Digital,United States,https://remoteok.com/assets/img/jobs/b03aa5282cbe08823608f2d492d3c7591741698029.png,"manager, crypto, salesforce, system, security, support, growth, financial, finance, bank, strategy, lead, senior, operations, legal, sales"
Data Engineer,Arbitrum Foundation,,https://remoteok.com/assets/img/jobs/a572805b18fad80770e35be592cb86fa1741698022.png,"web3, ethereum, security, python, technical, growth, code, education, finance, analytics, reliability, health, healthcare, engineer, engineering, recruitment, full-time"
Executive Assistant,Arbitrum Foundation,,https://remoteok.com/assets/img/jobs/809cf4a27e20bacfb2b7fc35efc7b2c31741636882.png,"assistant, web3, ethereum, security, support, growth, travel, education, finance, health, healthcare, recruitment, executive, full-time"
Operations Manager,Arbitrum Foundation,Remote,https://remoteok.com/assets/img/jobs/b415c25d17f1c6b761451aef203669e21741636876.png,"manager, web3, ethereum, security, growth, education, finance, management, lead, operations, operational, health, healthcare, recruitment, full-time"
Operations Manager,Arbitrum Foundation,Remote,https://remoteok.com/assets/img/jobs/674f0383769a33b22671056629007fb31741636850.png,"manager, web3, ethereum, system, security, software, growth, education, finance, management, operations, operational, health, healthcare, recruitment, full-time"
Community Lead,Arbitrum Foundation,Remote,https://remoteok.com/assets/img/jobs/397e94eec1c50746587da569bec20fa41741636840.png,"web3, ethereum, security, growth, education, finance, strategy, management, lead, health, healthcare, recruitment, full-time"
DeFi Marketing Lead,Arbitrum Foundation,Remote,https://remoteok.com/assets/img/jobs/59529385378ef00f7f9e1e630a2a49a61741636834.png,"defi, web3, nft, ethereum, security, consultant, growth, education, finance, lead, content, marketing, health, healthcare, recruitment, full-time"
Social Marketing Lead,Arbitrum Foundation,Remote,https://remoteok.com/assets/img/jobs/89f5edcf22b0e156512bcb9f8e0ec3b71741636804.png,"web3, ethereum, security, growth, voice, education, finance, strategy, lead, content, marketer, marketing, health, healthcare, recruitment, full-time"
Senior Data Engineer,Soda Data,,https://remoteOK.com/assets/img/jobs/7ba441108937357bbbfcabd0ff5843471741634944.png,"dev, data, data engineer"
Data Platform Engineer,Apollo,United States or Canada (remote),https://remoteok.com/assets/img/jobs/1d9d92814c7d4cc02639a48fc0e5e39c1741629614.png,"graphql, docker, technical, growth, code, cloud, api, leader, lead, marketing, sales, reliability, engineer, engineering"
Senior DevOps Engineer,Twingate,Remote US,https://remoteok.com/assets/img/jobs/438fa67e7901159df87b56d756765e9b1741629608.png,"design, system, python, technical, ui, devops, cloud, senior, engineer, engineering, linux, digital nomad"
Data Science Manager,Netomi,Gurugram,https://remoteok.com/assets/img/jobs/10db061207d8de0fcea6667a2eb83ade1741615225.png,"manager, design, python, training, architect, technical, support, speech, elasticsearch, chatbot, strategy, senior, engineering, digital nomad"
Staff Engineer Gaming Backend,Voodoo,Barcelona,https://remoteok.com/assets/img/jobs/d31544a80762ff1ebc96816c541875a21741615212.png,"gaming, design, game, support, growth, code, api, mobile, engineer, engineering, backend, digital nomad"
Engineer JT,Gorilla Logic,,https://remoteok.com/assets/img/jobs/c1109f3a34d25cfe47cae7595c66eefc1741615204.png,"react, frontend, consulting, full-stack, technical, developer, software, testing, ui, code, web, qa, javascript, postgresql, management, health, engineer, backend, digital nomad"
Senior Software Engineer GoUSD,BitGo,"Toronto, Ontario, Canada",https://remoteok.com/assets/img/jobs/38858f2f10fbbe21c9f60d32c3c796df1741611609.png,"software, design, crypto, cryptocurrencies, system, back-end, technical, support, testing, code, accounting, financial, api, senior, reliability, engineer, full-time, digital nomad"
Senior Full Stack Engineer,HostedScan,,https://remoteOK.com/assets/img/jobs/341674a48748df703f998203548096451741688159.png,"dev, full stack"
Customer Support Specialist Fully Work from,Omnipresent,,https://remoteok.com/assets/img/jobs/b24500f9be6491fbcfa12e93c5d3645b1741582803.png,"saas, hr, security, supervisor, support, management, senior, legal, non tech"
Sales Development Representative,Sherlock,Anywhere,https://remoteok.com/assets/img/jobs/9b5e45eea3f89b89f2a5a2e4686266911741482005.jpg,"web3, defi, solidity, crypto, ethereum, system, security, ui, financial, leader, strategy, sales, go, healthcare, executive"
Customer Success Systems & Strategy Manager,Symplast,,https://remoteOK.com/assets/img/jobs/fca5488bd65ebd8a065535c9e2b8b8611741457871.png,"customer support, ChurnZero, Client Expansion"
VP Sales,SFOX,"New York City, New York, United States",,"crypto, cryptocurrencies, growth, financial, strategy, management, lead, operational, analytics, sales, health"
Mobile Engineer Mid Level,CoinGecko,Malaysia,https://remoteok.com/assets/img/jobs/198c44468636925bb0ee3f6f7116c0721741446007.png,"design, cryptocurrency, react, technical, software, code, qa, financial, education, firebase, mobile, leader, junior, engineer, engineering, digital nomad"
Full Stack Developer,Incyte Studios,,https://remoteOK.com/assets/img/jobs/2b492ab3492e9a0782c5cd95331243f01741362854.png,"dev, engineer, full stack"
Work From Home Client Services Associate,Global Elite Texas,"Fairfax, Virginia",,"security, training, architect, support, test, growth, financial, video"
Web3 Engineer Moca Network,Animoca Brands Limited,,https://remoteok.com/assets/img/jobs/1ed4e30d4a7796774062716585fe83fe1741352403.png,"web3, ethereum, front-end, full-stack, management, engineer, backend"
Junior Recruiter,1840 &amp; Company,"Cebu, Cebu",https://remoteok.com/assets/img/jobs/6abc51460dce6416b492a9b62852fcd51741334405.png,"recruiter, growth, video, leader, senior, junior, recruitment"
Computational Journalist,ProPublica,"New York City, New York, United States",,"software, test, code, management"
Lead Developer Academic Preservation Trust,University of Virginia,,,"golang, developer, docker, lead, digital nomad"
Sales Development Representative,AltiSales,"Miami, Florida, United States",,"support, growth, operations, excel, sales, go, health"
UX UI Designer,Dentalook,"Kitchener, Ontario, Canada",,"ui, ux, design, designer, support, testing, web, mobile, branding, full-time, digital nomad"
Senior Fullstack Engineer EMEA,Aircall,,https://remoteok.com/assets/img/jobs/cb865bc3d60f16fa4874aaa5139dd9af1741277032.png,"design, system, frontend, back-end, security, technical, software, test, growth, code, voice, investment, serverless, angular, senior, junior, engineer, engineering, backend, fullstack, digital nomad"
Power Apps Specialist,Dentalook,"Burlington, Ontario, Canada",,"technical, support, full-time"
General Inquiries,StackBlitz,Remote,https://remoteok.com/assets/img/jobs/9359eab7d6a3e024f8818f217c4f23da1741276952.png,web
Account Executive LATAM North America Mexico,Hostaway,,https://remoteok.com/assets/img/jobs/cb51e2c0f248465192f95b861d07d58c1741276946.png,"saas, growth, sales, health, executive"
Body Radiologist Weekdays Only Daytime Outpatient Imaging,US Radiology Connexia,Remote,https://remoteok.com/assets/img/jobs/aac231c69ac23c52429213db9798fb3f1741276940.png,"training, support, assistant"
Head of Solutions,Distru,Remote,https://remoteok.com/assets/img/jobs/4d984bc295c3b0fa374ab01f121064881741276920.png,"saas, python, training, ceo, technical, software, code, leader, lead, sales, health"
Lead Product Designer,AllTrails,Remote,https://remoteok.com/assets/img/jobs/cea612ee779bf0f6efd9fcd1ece6a4781741276843.png,"design, ios, designer, director, education, investment, management, lead, marketing, health, engineering, digital nomad"
International Student Recruitment Specialist,Sora Schools,"New York, New York",,"students, travel, education, strategy, marketing, excel, go, healthcare, recruitment, educational, full-time, non tech"
Writer,CoâStar,"New York City, New York, United States",https://remoteok.com/assets/img/jobs/3f32b574640b784691b0b500883619d81741273203.png,"writer, test, voice, content, healthcare"
Associate Software Engineer,Turvo,Hyderabad,https://remoteok.com/assets/img/jobs/9be5baeb057b767113ca32e50b8229ef1741248011.png,"software, system, testing, cloud, management, engineer"
Customer Support Hero,Dev Way,,https://remoteOK.com/assets/img/jobs/e8974e1378224bd822597f7aac25824b1741197805.jpg,"content writing, customer support, tech"
Social Media Specialist Facebook &amp; Instagram,The Krazy Coupon Lady,"Boise, ID",https://remoteok.com/assets/img/jobs/43644ca6e14ca17448b88d1db27ff7b61741197605.png,"react, content, senior, part-time"
AI Engineer India,Weights &amp; Biases,New Delhi,https://remoteok.com/assets/img/jobs/fb878a13b9bf92d8e5fb3c92c1dfd8731741168804.png,"python, training, technical, developer, testing, growth, code, c, engineer, digital nomad"
Senior Engineer Fullstack Engineer,"Okta, Inc.",,https://remoteok.com/assets/img/jobs/993b58e9db74294836da596c438d2bf31741104009.jpg,"security, support, senior, engineer, fullstack"
Senior Product Manager Authentication TÃ¼rkiye,JumpCloud,"Ankara, TÃ¼rkiye - Remote",https://remoteok.com/assets/img/jobs/d5ff443b919934f8499471537294094d1741071606.png,"manager, security, technical, ux, voice, bank, cloud, strategy, management, senior, android, engineering, recruitment, executive"
DevOps Engineer II,Tala,Remote-US,https://remoteok.com/assets/img/jobs/5f843a1ed5506302247534a72bb7b93f1741024818.png,"saas, crypto, training, docker, technical, code, web, devops, financial, fintech, cloud, lead, engineer, engineering"
DevOps Engineer,Hawk,,https://remoteok.com/assets/img/jobs/8c479ed348fb88704fa962964bf0a7151741024811.png,"security, technical, support, software, code, devops, financial, java, cloud, reliability, engineer, engineering, apache"
Engineering Manager,Mercari,,,"manager, system, software, code, cloud, management, operations, go, engineer, engineering"
Marketing Lead,Flow Foundation,"Remote, USA Remote, Canada",https://remoteok.com/assets/img/jobs/8a8c86c81185bb80b59e5f15029622d71741006808.png,"design, web3, defi, technical, developer, fintech, lead, content, marketing, analytics, sales, recruiting, digital nomad"
Frontend Web Developer,Wing Assistant,Hyderabad,https://remoteok.com/assets/img/jobs/8d6a179e4cf9a5c6ab6825e7231f24d21740974404.png,"frontend, developer, web, virtual assistant, graphql, front-end, back-end, technical, software, ux, code, javascript, php, git, management, lead, excel, go, health, engineering, digital nomad"
Data Analyst,Kyivstar,All,https://remoteok.com/assets/img/jobs/3117dfe1ba95b48610613f5d972ed34e1740927604.png,"analyst, system, technical, web, mobile, telecom"
Software Engineer Front End,Pendo,"New York City, New York, United States",https://remoteok.com/assets/img/jobs/450d40bc650f18583bc55004de443d1b1740920403.jpg,"software, salesforce, frontend, designer, web, javascript, cloud, engineer, engineering, recruitment, backend"
Marketing Specialist,1840 &amp; Company,"Quezon City, Metro Manila",https://remoteok.com/assets/img/jobs/16eaa745855b9000a901049682e76c561740916804.png,"support, growth, leader, management, content, marketing"
Editor The Product Manager,Black &amp; White Zebra,,https://remoteok.com/assets/img/jobs/8c54b80c299b5aa02015f4da291e3e821740790802.png,"manager, ceo, support, software, testing, growth, seo, serp, content"
Senior DevOps Engineer,FetLife,,https://remoteOK.com/assets/img/jobs/2d08ec51c9b874b5ae763e4d676130781740780350.png,"engineer, dev, sys admin, saas, ruby, devops, rust, infrastructure, Rails"
E commerce Operations Manager,1840 &amp; Company,"Buenos Aires, Buenos Aires",https://remoteok.com/assets/img/jobs/42cc4b38bd8180ffa77dfc0ba78673401740776404.png,"manager, amazon, support, growth, seo, leader, management, operations, marketing, analytics, ecommerce, e-commerce, shopify"
Full Stack Software Engineer,SlideSpeak AI,,https://remoteOK.com/assets/img/jobs/7ffb2c6a5b01c3fe25a0c7169e27a7c31740752973.png,"engineer, dev, javascript, full stack, python, typescript, next, ml"
UI Designer,Databento,"San Francisco Bay Area, California, United States",https://remoteok.com/assets/img/jobs/763f92018e335bc9d3ce188bb8e9ef091740740415.png,"ui, design, saas, front-end, designer, technical, growth, web, financial, finance, fintech, api, management, sales, engineering, full-time, digital nomad"
Marketing Copywriter,Ergeon,"Mexico City, Mexico City, Mexico",https://remoteok.com/assets/img/jobs/30dd5ba8c48d4099debfb55fe35d51761740740409.png,"copywriter, copywriting, test, growth, voice, seo, content, marketing"
Sales Development Representative,The Scalers,,https://remoteOK.com/assets/img/jobs/58711d33022c6a037d8637ecfc4de4601740735569.png,sales
Member Experience Specialist,Wild Alaskan Company,"Tucson, Arizona, United States",https://remoteok.com/assets/img/jobs/94ffe7928144f2ca5169102590d646761740700812.jpg,"saas, support, software, management, content, sales, go, ecommerce"
PPC Manager Europe Spanish Speaking,Hostaway,,https://remoteok.com/assets/img/jobs/2bb72644249c95343605ada3bf7c020d1740672236.png,"manager, design, saas, testing, growth, ads, lead, marketing, analytics, health, digital nomad"
Marketing Associate Product,Prelim,New York,https://remoteok.com/assets/img/jobs/9e44f9ff328958b3d0ce8ad636a39bc01740672225.png,"support, growth, financial, banking, management, content, marketing"
Senior React Developer,Bluelight Consulting,"Phoenix, Arizona",https://remoteok.com/assets/img/jobs/8eebdf3cdcf4ae4d32c36f55848284d51740672219.png,"react, consulting, developer, design, consultant, technical, software, code, qa, senior, engineer, digital nomad"
Senior Backend Developer Node,Tether Operations Limited,,https://remoteok.com/assets/img/jobs/792e7af17e2e798c637da9963fe5675c1740672214.png,"developer, security, founder, growth, financial, fintech, c++, node, senior, ops, backend, digital nomad"
Power Apps Specialist,Dentalook,"Burlington, Ontario, Canada",,"technical, support, full-time"
Staff Backend Engineer,Notabene,London,https://remoteok.com/assets/img/jobs/636a563290cbee6b528ec6fe4b0d98101740672197.png,"crypto, security, technical, support, software, manager, financial, nosql, rails, senior, go, engineer, engineering, backend"
Frontend Software Engineer,HackerRank,,https://remoteok.com/assets/img/jobs/6694610841e87168b7bf67ec43a01b721740672183.png,"frontend, software, front-end, technical, support, developer, ui, code, web, travel, javascript, cloud, html, typescript, lead, engineer, engineering, backend, full-time, digital nomad"
Tutor Marketing Manager,ClassDojo,"San Francisco, California, United States",https://remoteok.com/assets/img/jobs/ad71a2ea3f9261a516d28115fe85e9151740672176.png,"tutor, manager, growth, education, content, operations, marketer, marketing, full-time, part-time"
Membership Activation Specialist,Neura Health,,https://remoteok.com/assets/img/jobs/0eac40d37b49f8bb21592d3c30a6558f1740672168.png,"voice, education, go, medical, health, full-time, non tech"
Solutions Engineer,Notabene,Berlin,https://remoteok.com/assets/img/jobs/893d42a6b6d493a8c190049c4b9a326b1740672155.png,"saas, crypto, cryptocurrency, security, architect, technical, support, web, manager, financial, fintech, management, engineer, engineering"
Account Executive Europe,Hostaway,,https://remoteok.com/assets/img/jobs/1bf9c6e57cb7a95c6d00acf7c44c11eb1740672146.png,"saas, growth, sales, health, executive"
Majors Account Executive Dallas TX,Glean,"Dallas, Texas, United States",https://remoteok.com/assets/img/jobs/26145a2de7b4685826e6d881f1e046811740672133.jpg,"saas, system, security, technical, software, c, cloud, senior, sales, executive"
Senior Product Designer EMEA,Hostaway,,https://remoteok.com/assets/img/jobs/a1820a0974ba8878f0b6e8ea311a0e4f1740672127.png,"design, saas, front-end, designer, testing, growth, ui, senior, analytics, health, digital nomad"
Senior Data Engineer EMEA,Hostaway,,https://remoteok.com/assets/img/jobs/c81b1d2ac00adaf07393e3836dc5a79b1740672120.png,"design, saas, testing, growth, devops, cloud, senior, marketing, analytics, sales, health, engineer, engineering, digital nomad"
Site Reliability Engineer Senior Level,Provision IAM,,,"saas, system, security, technical, support, software, testing, test, devops, financial, cloud, git, management, senior, operations, reliability, engineer, engineering, linux"
Business Development Representative,Granicus,United States (Remote),https://remoteok.com/assets/img/jobs/8e5ba0082fc94a37d7e560a358c6eec41740672107.png,"salesforce, security, training, ceo, support, software, microsoft, management, marketing, legal, sales, health"
Principal Engineer Core Platform EMEA,Hostaway,,https://remoteok.com/assets/img/jobs/4e7d0b47de561c8546e0c3658f5e284f1740672098.png,"design, jira, saas, system, front-end, security, designer, technical, support, software, growth, ux, code, web, manager, cloud, junior, reliability, health, engineer, engineering, backend, digital nomad"
Backend Engineer EMEA,Hygraph,,https://remoteok.com/assets/img/jobs/f34cbbc9f7c682f99491594214b7aaba1740672089.png,"design, graphql, system, training, docker, technical, developer, growth, code, management, lead, content, engineer, engineering, backend, digital nomad"
Head of Employer Partnerships,Lifeforce,"Santa Monica, CA",https://remoteok.com/assets/img/jobs/a77047832d73e06dc1b00948301070c81740672082.png,"hr, support, growth, banking, microsoft, leader, strategy, management, lead, marketing, sales, health, healthcare, educational"
Head of Product,Huckleberry Labs,"Los Angeles, CA",https://remoteok.com/assets/img/jobs/181f7d35ca155501792ed4b3341952c11740672064.png,"ceo, growth, strategy, management, lead"
Partner Programs Manager,Telnyx,"London, England, United Kingdom",https://remoteok.com/assets/img/jobs/7339c7683cf081efd3c472278d7af6171740672058.jpg,"manager, training, growth, education, management, operational, marketing, telecom, sales"
AI Tutor,xAI,"Palo Alto, California, United States",https://remoteok.com/assets/img/jobs/4ef181ca8cadfc3325121bdd517401b51740672052.png,"tutor, design, macos, training, technical, software, full-time, digital nomad"
Principal Engineer Core Platform EMEA,Hostaway,,https://remoteok.com/assets/img/jobs/1e755cc10bbc302a49651a21fd1419511740672046.png,"design, jira, saas, system, front-end, security, designer, technical, support, software, growth, ux, code, web, manager, cloud, junior, reliability, health, engineer, engineering, backend, digital nomad"
IT Admin,HackerRank,"Mountain View, California, United States",https://remoteok.com/assets/img/jobs/203a9748b5b6cac27fc0a9f99dc1b77d1740672039.png,"saas, macos, security, technical, support, developer, software, travel, admin, microsoft, mobile, management, lead, engineering, full-time, digital nomad"
Operations Generalist EMEA Mexico Brazil,Hostaway,,https://remoteok.com/assets/img/jobs/45a5666a291a145a758c8f336ac8ba411740672033.png,"saas, support, growth, management, operations, operational, health"
